[1,["6cW/8awZNEgrZGx0czVOCw"],["spriteFrame"],[["cc.BitmapFont",["_name","fontSize","_fntConfig"],0]],[[0,0,1,2,4]],[[0,"btf_golden_rad_55pt_fnt",56,{"commonHeight":56,"fontSize":56,"atlasName":"btf_golden_rad_55pt_fnt.png","fontDefDictionary":{"9":{"xOffset":0,"yOffset":0,"xAdvance":80,"rect":{"x":0,"y":0,"width":0,"height":0}},"32":{"xOffset":0,"yOffset":0,"xAdvance":8,"rect":{"x":0,"y":0,"width":0,"height":0}},"33":{"xOffset":0,"yOffset":8,"xAdvance":16,"rect":{"x":652,"y":229,"width":15,"height":49}},"34":{"xOffset":0,"yOffset":9,"xAdvance":22,"rect":{"x":132,"y":421,"width":21,"height":17}},"35":{"xOffset":0,"yOffset":15,"xAdvance":32,"rect":{"x":456,"y":0,"width":31,"height":37}},"36":{"xOffset":0,"yOffset":3,"xAdvance":31,"rect":{"x":488,"y":481,"width":30,"height":59}},"37":{"xOffset":0,"yOffset":8,"xAdvance":43,"rect":{"x":88,"y":206,"width":42,"height":49}},"38":{"xOffset":0,"yOffset":8,"xAdvance":40,"rect":{"x":130,"y":560,"width":39,"height":48}},"39":{"xOffset":0,"yOffset":9,"xAdvance":14,"rect":{"x":72,"y":114,"width":13,"height":17}},"40":{"xOffset":0,"yOffset":4,"xAdvance":15,"rect":{"x":654,"y":388,"width":14,"height":57}},"41":{"xOffset":0,"yOffset":4,"xAdvance":15,"rect":{"x":654,"y":329,"width":14,"height":57}},"42":{"xOffset":0,"yOffset":9,"xAdvance":28,"rect":{"x":137,"y":63,"width":27,"height":28}},"43":{"xOffset":0,"yOffset":19,"xAdvance":27,"rect":{"x":91,"y":172,"width":26,"height":27}},"44":{"xOffset":0,"yOffset":42,"xAdvance":17,"rect":{"x":69,"y":206,"width":16,"height":19}},"45":{"xOffset":0,"yOffset":27,"xAdvance":24,"rect":{"x":246,"y":319,"width":23,"height":11}},"46":{"xOffset":0,"yOffset":42,"xAdvance":15,"rect":{"x":130,"y":662,"width":14,"height":14}},"47":{"xOffset":0,"yOffset":4,"xAdvance":24,"rect":{"x":607,"y":216,"width":23,"height":57}},"48":{"xOffset":0,"yOffset":8,"xAdvance":39,"rect":{"x":130,"y":610,"width":38,"height":49}},"49":{"xOffset":0,"yOffset":9,"xAdvance":19,"rect":{"x":634,"y":376,"width":18,"height":47}},"50":{"xOffset":0,"yOffset":8,"xAdvance":32,"rect":{"x":423,"y":50,"width":31,"height":48}},"51":{"xOffset":0,"yOffset":8,"xAdvance":30,"rect":{"x":551,"y":225,"width":29,"height":49}},"52":{"xOffset":0,"yOffset":9,"xAdvance":38,"rect":{"x":132,"y":372,"width":37,"height":47}},"53":{"xOffset":0,"yOffset":9,"xAdvance":32,"rect":{"x":423,"y":0,"width":31,"height":48}},"54":{"xOffset":0,"yOffset":8,"xAdvance":38,"rect":{"x":133,"y":93,"width":37,"height":49}},"55":{"xOffset":0,"yOffset":9,"xAdvance":32,"rect":{"x":456,"y":90,"width":31,"height":47}},"56":{"xOffset":0,"yOffset":8,"xAdvance":37,"rect":{"x":171,"y":264,"width":36,"height":49}},"57":{"xOffset":0,"yOffset":8,"xAdvance":38,"rect":{"x":132,"y":221,"width":37,"height":49}},"58":{"xOffset":0,"yOffset":28,"xAdvance":15,"rect":{"x":318,"y":644,"width":14,"height":28}},"59":{"xOffset":0,"yOffset":28,"xAdvance":17,"rect":{"x":608,"y":177,"width":16,"height":33}},"60":{"xOffset":0,"yOffset":19,"xAdvance":32,"rect":{"x":424,"y":230,"width":31,"height":37}},"61":{"xOffset":0,"yOffset":25,"xAdvance":22,"rect":{"x":49,"y":114,"width":21,"height":19}},"62":{"xOffset":0,"yOffset":19,"xAdvance":32,"rect":{"x":424,"y":191,"width":31,"height":37}},"63":{"xOffset":0,"yOffset":8,"xAdvance":31,"rect":{"x":457,"y":254,"width":30,"height":49}},"64":{"xOffset":0,"yOffset":8,"xAdvance":44,"rect":{"x":0,"y":176,"width":43,"height":49}},"65":{"xOffset":0,"yOffset":8,"xAdvance":36,"rect":{"x":208,"y":572,"width":35,"height":48}},"66":{"xOffset":0,"yOffset":9,"xAdvance":32,"rect":{"x":423,"y":100,"width":31,"height":47}},"67":{"xOffset":0,"yOffset":8,"xAdvance":34,"rect":{"x":354,"y":368,"width":33,"height":49}},"68":{"xOffset":0,"yOffset":9,"xAdvance":38,"rect":{"x":132,"y":323,"width":37,"height":47}},"69":{"xOffset":0,"yOffset":9,"xAdvance":29,"rect":{"x":581,"y":537,"width":28,"height":47}},"70":{"xOffset":0,"yOffset":9,"xAdvance":29,"rect":{"x":552,"y":66,"width":28,"height":47}},"71":{"xOffset":0,"yOffset":8,"xAdvance":38,"rect":{"x":132,"y":272,"width":37,"height":49}},"72":{"xOffset":0,"yOffset":9,"xAdvance":35,"rect":{"x":318,"y":434,"width":34,"height":47}},"73":{"xOffset":0,"yOffset":9,"xAdvance":16,"rect":{"x":651,"y":547,"width":15,"height":47}},"74":{"xOffset":0,"yOffset":9,"xAdvance":29,"rect":{"x":581,"y":487,"width":28,"height":48}},"75":{"xOffset":0,"yOffset":9,"xAdvance":36,"rect":{"x":246,"y":68,"width":35,"height":47}},"76":{"xOffset":0,"yOffset":9,"xAdvance":29,"rect":{"x":581,"y":438,"width":28,"height":47}},"77":{"xOffset":0,"yOffset":9,"xAdvance":50,"rect":{"x":0,"y":49,"width":49,"height":47}},"78":{"xOffset":0,"yOffset":9,"xAdvance":38,"rect":{"x":132,"y":172,"width":37,"height":47}},"79":{"xOffset":0,"yOffset":8,"xAdvance":43,"rect":{"x":0,"y":279,"width":42,"height":49}},"80":{"xOffset":0,"yOffset":9,"xAdvance":35,"rect":{"x":318,"y":278,"width":34,"height":47}},"81":{"xOffset":0,"yOffset":8,"xAdvance":43,"rect":{"x":0,"y":397,"width":42,"height":55}},"82":{"xOffset":0,"yOffset":9,"xAdvance":36,"rect":{"x":208,"y":622,"width":35,"height":47}},"83":{"xOffset":0,"yOffset":8,"xAdvance":31,"rect":{"x":457,"y":305,"width":30,"height":49}},"84":{"xOffset":0,"yOffset":9,"xAdvance":33,"rect":{"x":423,"y":277,"width":32,"height":47}},"85":{"xOffset":0,"yOffset":9,"xAdvance":35,"rect":{"x":319,"y":42,"width":34,"height":48}},"86":{"xOffset":0,"yOffset":9,"xAdvance":40,"rect":{"x":130,"y":511,"width":39,"height":47}},"87":{"xOffset":0,"yOffset":9,"xAdvance":54,"rect":{"x":0,"y":0,"width":53,"height":47}},"88":{"xOffset":0,"yOffset":9,"xAdvance":41,"rect":{"x":98,"y":0,"width":40,"height":47}},"89":{"xOffset":0,"yOffset":9,"xAdvance":41,"rect":{"x":88,"y":447,"width":40,"height":47}},"90":{"xOffset":0,"yOffset":9,"xAdvance":35,"rect":{"x":318,"y":327,"width":34,"height":47}},"91":{"xOffset":0,"yOffset":-1,"xAdvance":19,"rect":{"x":634,"y":0,"width":18,"height":67}},"92":{"xOffset":0,"yOffset":3,"xAdvance":24,"rect":{"x":582,"y":216,"width":23,"height":58}},"93":{"xOffset":0,"yOffset":-1,"xAdvance":19,"rect":{"x":634,"y":425,"width":18,"height":67}},"94":{"xOffset":0,"yOffset":9,"xAdvance":35,"rect":{"x":95,"y":93,"width":34,"height":19}},"95":{"xOffset":0,"yOffset":52,"xAdvance":38,"rect":{"x":0,"y":635,"width":37,"height":7}},"96":{"xOffset":0,"yOffset":9,"xAdvance":14,"rect":{"x":133,"y":144,"width":13,"height":13}},"97":{"xOffset":0,"yOffset":18,"xAdvance":30,"rect":{"x":551,"y":276,"width":29,"height":39}},"98":{"xOffset":0,"yOffset":9,"xAdvance":33,"rect":{"x":388,"y":529,"width":32,"height":47}},"99":{"xOffset":0,"yOffset":19,"xAdvance":27,"rect":{"x":582,"y":91,"width":26,"height":38}},"100":{"xOffset":0,"yOffset":9,"xAdvance":33,"rect":{"x":422,"y":570,"width":32,"height":48}},"101":{"xOffset":0,"yOffset":19,"xAdvance":33,"rect":{"x":283,"y":278,"width":32,"height":38}},"102":{"xOffset":0,"yOffset":7,"xAdvance":23,"rect":{"x":611,"y":275,"width":22,"height":49}},"103":{"xOffset":0,"yOffset":19,"xAdvance":33,"rect":{"x":355,"y":49,"width":32,"height":50}},"104":{"xOffset":0,"yOffset":9,"xAdvance":31,"rect":{"x":489,"y":0,"width":30,"height":47}},"105":{"xOffset":0,"yOffset":7,"xAdvance":16,"rect":{"x":634,"y":494,"width":15,"height":49}},"106":{"xOffset":0,"yOffset":7,"xAdvance":20,"rect":{"x":633,"y":87,"width":19,"height":62}},"107":{"xOffset":0,"yOffset":9,"xAdvance":31,"rect":{"x":489,"y":140,"width":30,"height":47}},"108":{"xOffset":0,"yOffset":9,"xAdvance":15,"rect":{"x":654,"y":0,"width":14,"height":47}},"109":{"xOffset":0,"yOffset":19,"xAdvance":48,"rect":{"x":0,"y":98,"width":47,"height":37}},"110":{"xOffset":0,"yOffset":19,"xAdvance":31,"rect":{"x":489,"y":189,"width":30,"height":37}},"111":{"xOffset":0,"yOffset":19,"xAdvance":35,"rect":{"x":209,"y":332,"width":34,"height":38}},"112":{"xOffset":0,"yOffset":19,"xAdvance":33,"rect":{"x":389,"y":53,"width":32,"height":49}},"113":{"xOffset":0,"yOffset":19,"xAdvance":33,"rect":{"x":355,"y":195,"width":32,"height":49}},"114":{"xOffset":0,"yOffset":19,"xAdvance":22,"rect":{"x":582,"y":276,"width":21,"height":37}},"115":{"xOffset":0,"yOffset":18,"xAdvance":25,"rect":{"x":582,"y":131,"width":24,"height":39}},"116":{"xOffset":0,"yOffset":9,"xAdvance":23,"rect":{"x":611,"y":326,"width":22,"height":48}},"117":{"xOffset":0,"yOffset":19,"xAdvance":31,"rect":{"x":489,"y":49,"width":30,"height":38}},"118":{"xOffset":0,"yOffset":19,"xAdvance":33,"rect":{"x":245,"y":639,"width":32,"height":37}},"119":{"xOffset":0,"yOffset":19,"xAdvance":46,"rect":{"x":0,"y":137,"width":45,"height":37}},"120":{"xOffset":0,"yOffset":19,"xAdvance":33,"rect":{"x":388,"y":635,"width":32,"height":37}},"121":{"xOffset":0,"yOffset":19,"xAdvance":31,"rect":{"x":489,"y":89,"width":30,"height":49}},"122":{"xOffset":0,"yOffset":19,"xAdvance":28,"rect":{"x":581,"y":630,"width":27,"height":37}},"123":{"xOffset":0,"yOffset":-1,"xAdvance":22,"rect":{"x":611,"y":424,"width":21,"height":67}},"124":{"xOffset":0,"yOffset":9,"xAdvance":8,"rect":{"x":664,"y":142,"width":7,"height":47}},"125":{"xOffset":0,"yOffset":-1,"xAdvance":22,"rect":{"x":611,"y":493,"width":21,"height":67}},"126":{"xOffset":0,"yOffset":9,"xAdvance":23,"rect":{"x":45,"y":206,"width":22,"height":11}},"161":{"xOffset":0,"yOffset":25,"xAdvance":12,"rect":{"x":654,"y":98,"width":11,"height":42}},"162":{"xOffset":0,"yOffset":15,"xAdvance":25,"rect":{"x":582,"y":172,"width":24,"height":42}},"163":{"xOffset":0,"yOffset":16,"xAdvance":29,"rect":{"x":551,"y":577,"width":28,"height":40}},"164":{"xOffset":0,"yOffset":20,"xAdvance":30,"rect":{"x":0,"y":644,"width":29,"height":31}},"165":{"xOffset":0,"yOffset":16,"xAdvance":32,"rect":{"x":423,"y":149,"width":31,"height":40}},"166":{"xOffset":0,"yOffset":14,"xAdvance":9,"rect":{"x":654,"y":142,"width":8,"height":51}},"167":{"xOffset":0,"yOffset":14,"xAdvance":27,"rect":{"x":582,"y":43,"width":26,"height":46}},"191":{"xOffset":0,"yOffset":25,"xAdvance":23,"rect":{"x":610,"y":43,"width":22,"height":42}},"192":{"xOffset":0,"yOffset":-2,"xAdvance":36,"rect":{"x":178,"y":0,"width":35,"height":58}},"193":{"xOffset":0,"yOffset":-2,"xAdvance":36,"rect":{"x":172,"y":440,"width":35,"height":58}},"194":{"xOffset":0,"yOffset":-2,"xAdvance":36,"rect":{"x":171,"y":380,"width":35,"height":58}},"195":{"xOffset":0,"yOffset":-2,"xAdvance":36,"rect":{"x":208,"y":380,"width":35,"height":58}},"200":{"xOffset":0,"yOffset":-2,"xAdvance":29,"rect":{"x":581,"y":317,"width":28,"height":58}},"201":{"xOffset":0,"yOffset":-2,"xAdvance":29,"rect":{"x":551,"y":517,"width":28,"height":58}},"202":{"xOffset":0,"yOffset":-2,"xAdvance":29,"rect":{"x":551,"y":457,"width":28,"height":58}},"204":{"xOffset":0,"yOffset":-2,"xAdvance":16,"rect":{"x":635,"y":293,"width":15,"height":58}},"205":{"xOffset":0,"yOffset":-2,"xAdvance":16,"rect":{"x":651,"y":596,"width":15,"height":58}},"206":{"xOffset":0,"yOffset":6,"xAdvance":21,"rect":{"x":632,"y":177,"width":20,"height":50}},"208":{"xOffset":0,"yOffset":14,"xAdvance":41,"rect":{"x":95,"y":49,"width":40,"height":42}},"209":{"xOffset":0,"yOffset":7,"xAdvance":33,"rect":{"x":423,"y":326,"width":32,"height":49}},"210":{"xOffset":0,"yOffset":-2,"xAdvance":43,"rect":{"x":44,"y":288,"width":42,"height":59}},"211":{"xOffset":0,"yOffset":-2,"xAdvance":43,"rect":{"x":44,"y":227,"width":42,"height":59}},"212":{"xOffset":0,"yOffset":-2,"xAdvance":43,"rect":{"x":0,"y":574,"width":42,"height":59}},"213":{"xOffset":0,"yOffset":0,"xAdvance":43,"rect":{"x":0,"y":515,"width":42,"height":57}},"217":{"xOffset":0,"yOffset":-2,"xAdvance":35,"rect":{"x":354,"y":250,"width":34,"height":59}},"218":{"xOffset":0,"yOffset":-2,"xAdvance":35,"rect":{"x":318,"y":533,"width":34,"height":59}},"219":{"xOffset":0,"yOffset":6,"xAdvance":33,"rect":{"x":422,"y":620,"width":32,"height":50}},"221":{"xOffset":0,"yOffset":-2,"xAdvance":41,"rect":{"x":88,"y":496,"width":40,"height":58}},"224":{"xOffset":0,"yOffset":9,"xAdvance":30,"rect":{"x":520,"y":228,"width":29,"height":48}},"225":{"xOffset":0,"yOffset":9,"xAdvance":30,"rect":{"x":215,"y":0,"width":29,"height":48}},"226":{"xOffset":0,"yOffset":9,"xAdvance":30,"rect":{"x":489,"y":280,"width":29,"height":48}},"227":{"xOffset":0,"yOffset":10,"xAdvance":30,"rect":{"x":521,"y":176,"width":29,"height":47}},"232":{"xOffset":0,"yOffset":9,"xAdvance":33,"rect":{"x":389,"y":411,"width":32,"height":48}},"233":{"xOffset":0,"yOffset":9,"xAdvance":33,"rect":{"x":389,"y":361,"width":32,"height":48}},"234":{"xOffset":0,"yOffset":9,"xAdvance":33,"rect":{"x":389,"y":311,"width":32,"height":48}},"236":{"xOffset":0,"yOffset":9,"xAdvance":15,"rect":{"x":654,"y":49,"width":14,"height":47}},"237":{"xOffset":0,"yOffset":9,"xAdvance":15,"rect":{"x":652,"y":280,"width":14,"height":47}},"238":{"xOffset":0,"yOffset":14,"xAdvance":20,"rect":{"x":610,"y":87,"width":19,"height":42}},"239":{"xOffset":0,"yOffset":15,"xAdvance":22,"rect":{"x":611,"y":0,"width":21,"height":41}},"240":{"xOffset":0,"yOffset":12,"xAdvance":31,"rect":{"x":456,"y":631,"width":30,"height":44}},"241":{"xOffset":0,"yOffset":13,"xAdvance":29,"rect":{"x":552,"y":179,"width":28,"height":42}},"242":{"xOffset":0,"yOffset":8,"xAdvance":35,"rect":{"x":318,"y":594,"width":34,"height":48}},"243":{"xOffset":0,"yOffset":8,"xAdvance":35,"rect":{"x":318,"y":483,"width":34,"height":48}},"244":{"xOffset":0,"yOffset":8,"xAdvance":35,"rect":{"x":319,"y":92,"width":34,"height":48}},"245":{"xOffset":0,"yOffset":9,"xAdvance":35,"rect":{"x":319,"y":201,"width":34,"height":47}},"246":{"xOffset":0,"yOffset":14,"xAdvance":31,"rect":{"x":456,"y":487,"width":30,"height":41}},"248":{"xOffset":0,"yOffset":22,"xAdvance":31,"rect":{"x":171,"y":572,"width":30,"height":35}},"249":{"xOffset":0,"yOffset":8,"xAdvance":31,"rect":{"x":488,"y":542,"width":30,"height":48}},"250":{"xOffset":0,"yOffset":8,"xAdvance":31,"rect":{"x":456,"y":530,"width":30,"height":48}},"251":{"xOffset":0,"yOffset":13,"xAdvance":28,"rect":{"x":581,"y":586,"width":27,"height":42}},"252":{"xOffset":0,"yOffset":14,"xAdvance":28,"rect":{"x":582,"y":0,"width":27,"height":41}},"253":{"xOffset":0,"yOffset":8,"xAdvance":31,"rect":{"x":456,"y":377,"width":30,"height":59}},"258":{"xOffset":0,"yOffset":-2,"xAdvance":36,"rect":{"x":172,"y":63,"width":35,"height":57}},"259":{"xOffset":0,"yOffset":8,"xAdvance":30,"rect":{"x":520,"y":278,"width":29,"height":48}},"272":{"xOffset":0,"yOffset":8,"xAdvance":42,"rect":{"x":55,"y":0,"width":41,"height":47}},"273":{"xOffset":0,"yOffset":6,"xAdvance":33,"rect":{"x":354,"y":479,"width":32,"height":50}},"296":{"xOffset":0,"yOffset":-1,"xAdvance":23,"rect":{"x":610,"y":586,"width":22,"height":56}},"297":{"xOffset":0,"yOffset":9,"xAdvance":22,"rect":{"x":611,"y":376,"width":21,"height":46}},"357":{"xOffset":0,"yOffset":11,"xAdvance":24,"rect":{"x":608,"y":131,"width":23,"height":44}},"358":{"xOffset":0,"yOffset":13,"xAdvance":33,"rect":{"x":355,"y":151,"width":32,"height":42}},"360":{"xOffset":0,"yOffset":-1,"xAdvance":35,"rect":{"x":319,"y":142,"width":34,"height":57}},"361":{"xOffset":0,"yOffset":9,"xAdvance":31,"rect":{"x":456,"y":438,"width":30,"height":47}},"416":{"xOffset":0,"yOffset":6,"xAdvance":43,"rect":{"x":0,"y":227,"width":42,"height":50}},"417":{"xOffset":0,"yOffset":16,"xAdvance":35,"rect":{"x":319,"y":0,"width":34,"height":40}},"431":{"xOffset":0,"yOffset":6,"xAdvance":37,"rect":{"x":170,"y":610,"width":36,"height":50}},"432":{"xOffset":0,"yOffset":16,"xAdvance":33,"rect":{"x":354,"y":636,"width":32,"height":40}},"7840":{"xOffset":0,"yOffset":7,"xAdvance":36,"rect":{"x":246,"y":257,"width":35,"height":60}},"7841":{"xOffset":0,"yOffset":17,"xAdvance":30,"rect":{"x":489,"y":228,"width":29,"height":50}},"7842":{"xOffset":0,"yOffset":-7,"xAdvance":36,"rect":{"x":209,"y":507,"width":35,"height":62}},"7843":{"xOffset":0,"yOffset":4,"xAdvance":30,"rect":{"x":520,"y":623,"width":29,"height":52}},"7844":{"xOffset":0,"yOffset":-9,"xAdvance":36,"rect":{"x":209,"y":266,"width":35,"height":64}},"7845":{"xOffset":0,"yOffset":1,"xAdvance":34,"rect":{"x":354,"y":311,"width":33,"height":55}},"7846":{"xOffset":0,"yOffset":-9,"xAdvance":36,"rect":{"x":209,"y":200,"width":35,"height":64}},"7847":{"xOffset":0,"yOffset":1,"xAdvance":30,"rect":{"x":520,"y":566,"width":29,"height":55}},"7848":{"xOffset":0,"yOffset":-12,"xAdvance":36,"rect":{"x":209,"y":131,"width":35,"height":67}},"7849":{"xOffset":0,"yOffset":-2,"xAdvance":33,"rect":{"x":422,"y":510,"width":32,"height":58}},"7850":{"xOffset":0,"yOffset":-11,"xAdvance":36,"rect":{"x":245,"y":571,"width":35,"height":66}},"7851":{"xOffset":0,"yOffset":0,"xAdvance":30,"rect":{"x":521,"y":118,"width":29,"height":56}},"7852":{"xOffset":0,"yOffset":-3,"xAdvance":36,"rect":{"x":245,"y":332,"width":35,"height":70}},"7853":{"xOffset":0,"yOffset":8,"xAdvance":30,"rect":{"x":520,"y":328,"width":29,"height":59}},"7854":{"xOffset":0,"yOffset":-11,"xAdvance":36,"rect":{"x":246,"y":189,"width":35,"height":66}},"7855":{"xOffset":0,"yOffset":0,"xAdvance":30,"rect":{"x":520,"y":389,"width":29,"height":56}},"7856":{"xOffset":0,"yOffset":-11,"xAdvance":36,"rect":{"x":246,"y":0,"width":35,"height":66}},"7857":{"xOffset":0,"yOffset":0,"xAdvance":30,"rect":{"x":520,"y":447,"width":29,"height":56}},"7858":{"xOffset":0,"yOffset":-15,"xAdvance":36,"rect":{"x":246,"y":117,"width":35,"height":70}},"7859":{"xOffset":0,"yOffset":-3,"xAdvance":30,"rect":{"x":520,"y":505,"width":29,"height":59}},"7860":{"xOffset":0,"yOffset":-10,"xAdvance":36,"rect":{"x":209,"y":440,"width":35,"height":65}},"7861":{"xOffset":0,"yOffset":1,"xAdvance":30,"rect":{"x":521,"y":0,"width":29,"height":55}},"7862":{"xOffset":0,"yOffset":-2,"xAdvance":36,"rect":{"x":209,"y":60,"width":35,"height":69}},"7863":{"xOffset":0,"yOffset":8,"xAdvance":30,"rect":{"x":521,"y":57,"width":29,"height":59}},"7864":{"xOffset":0,"yOffset":8,"xAdvance":29,"rect":{"x":581,"y":377,"width":28,"height":59}},"7865":{"xOffset":0,"yOffset":18,"xAdvance":33,"rect":{"x":354,"y":531,"width":32,"height":49}},"7866":{"xOffset":0,"yOffset":-7,"xAdvance":29,"rect":{"x":552,"y":115,"width":28,"height":62}},"7867":{"xOffset":0,"yOffset":4,"xAdvance":33,"rect":{"x":354,"y":582,"width":32,"height":52}},"7868":{"xOffset":0,"yOffset":-1,"xAdvance":29,"rect":{"x":551,"y":619,"width":28,"height":56}},"7869":{"xOffset":0,"yOffset":9,"xAdvance":33,"rect":{"x":422,"y":461,"width":32,"height":47}},"7870":{"xOffset":0,"yOffset":-9,"xAdvance":32,"rect":{"x":423,"y":377,"width":31,"height":64}},"7871":{"xOffset":0,"yOffset":1,"xAdvance":35,"rect":{"x":283,"y":54,"width":34,"height":55}},"7872":{"xOffset":0,"yOffset":-9,"xAdvance":29,"rect":{"x":552,"y":0,"width":28,"height":64}},"7873":{"xOffset":0,"yOffset":1,"xAdvance":33,"rect":{"x":388,"y":578,"width":32,"height":55}},"7874":{"xOffset":0,"yOffset":-12,"xAdvance":31,"rect":{"x":488,"y":592,"width":30,"height":67}},"7875":{"xOffset":0,"yOffset":-2,"xAdvance":34,"rect":{"x":354,"y":419,"width":33,"height":58}},"7876":{"xOffset":0,"yOffset":-11,"xAdvance":29,"rect":{"x":551,"y":389,"width":28,"height":66}},"7877":{"xOffset":0,"yOffset":0,"xAdvance":33,"rect":{"x":389,"y":158,"width":32,"height":56}},"7878":{"xOffset":0,"yOffset":-3,"xAdvance":29,"rect":{"x":551,"y":317,"width":28,"height":70}},"7879":{"xOffset":0,"yOffset":8,"xAdvance":33,"rect":{"x":390,"y":216,"width":32,"height":59}},"7880":{"xOffset":0,"yOffset":-7,"xAdvance":16,"rect":{"x":635,"y":229,"width":15,"height":62}},"7881":{"xOffset":0,"yOffset":4,"xAdvance":16,"rect":{"x":651,"y":494,"width":15,"height":51}},"7882":{"xOffset":0,"yOffset":8,"xAdvance":16,"rect":{"x":634,"y":545,"width":15,"height":59}},"7883":{"xOffset":0,"yOffset":6,"xAdvance":16,"rect":{"x":634,"y":606,"width":15,"height":61}},"7884":{"xOffset":0,"yOffset":7,"xAdvance":43,"rect":{"x":88,"y":385,"width":42,"height":60}},"7885":{"xOffset":0,"yOffset":18,"xAdvance":35,"rect":{"x":282,"y":548,"width":34,"height":49}},"7886":{"xOffset":0,"yOffset":-7,"xAdvance":43,"rect":{"x":51,"y":49,"width":42,"height":63}},"7887":{"xOffset":0,"yOffset":4,"xAdvance":35,"rect":{"x":282,"y":319,"width":34,"height":52}},"7888":{"xOffset":0,"yOffset":-9,"xAdvance":43,"rect":{"x":44,"y":552,"width":42,"height":65}},"7889":{"xOffset":0,"yOffset":1,"xAdvance":35,"rect":{"x":283,"y":111,"width":34,"height":55}},"7890":{"xOffset":0,"yOffset":-9,"xAdvance":43,"rect":{"x":0,"y":330,"width":42,"height":65}},"7891":{"xOffset":0,"yOffset":1,"xAdvance":35,"rect":{"x":282,"y":599,"width":34,"height":55}},"7892":{"xOffset":0,"yOffset":-12,"xAdvance":43,"rect":{"x":44,"y":482,"width":42,"height":68}},"7893":{"xOffset":0,"yOffset":-2,"xAdvance":35,"rect":{"x":283,"y":168,"width":34,"height":58}},"7894":{"xOffset":0,"yOffset":-11,"xAdvance":43,"rect":{"x":47,"y":137,"width":42,"height":67}},"7895":{"xOffset":0,"yOffset":0,"xAdvance":35,"rect":{"x":318,"y":376,"width":34,"height":56}},"7896":{"xOffset":0,"yOffset":-3,"xAdvance":43,"rect":{"x":44,"y":349,"width":42,"height":70}},"7897":{"xOffset":0,"yOffset":8,"xAdvance":35,"rect":{"x":246,"y":457,"width":34,"height":59}},"7898":{"xOffset":0,"yOffset":-3,"xAdvance":43,"rect":{"x":44,"y":421,"width":42,"height":59}},"7899":{"xOffset":0,"yOffset":8,"xAdvance":35,"rect":{"x":283,"y":228,"width":34,"height":48}},"7900":{"xOffset":0,"yOffset":-3,"xAdvance":43,"rect":{"x":0,"y":454,"width":42,"height":59}},"7901":{"xOffset":0,"yOffset":8,"xAdvance":35,"rect":{"x":246,"y":518,"width":34,"height":48}},"7902":{"xOffset":0,"yOffset":-7,"xAdvance":43,"rect":{"x":88,"y":257,"width":42,"height":63}},"7903":{"xOffset":0,"yOffset":4,"xAdvance":35,"rect":{"x":283,"y":0,"width":34,"height":52}},"7904":{"xOffset":0,"yOffset":-1,"xAdvance":43,"rect":{"x":44,"y":619,"width":42,"height":57}},"7905":{"xOffset":0,"yOffset":9,"xAdvance":35,"rect":{"x":282,"y":434,"width":34,"height":47}},"7906":{"xOffset":0,"yOffset":6,"xAdvance":43,"rect":{"x":88,"y":322,"width":42,"height":61}},"7907":{"xOffset":0,"yOffset":16,"xAdvance":35,"rect":{"x":246,"y":404,"width":34,"height":51}},"7908":{"xOffset":0,"yOffset":8,"xAdvance":35,"rect":{"x":282,"y":373,"width":34,"height":59}},"7909":{"xOffset":0,"yOffset":18,"xAdvance":31,"rect":{"x":456,"y":580,"width":30,"height":49}},"7910":{"xOffset":0,"yOffset":-7,"xAdvance":35,"rect":{"x":282,"y":483,"width":34,"height":63}},"7911":{"xOffset":0,"yOffset":4,"xAdvance":31,"rect":{"x":457,"y":139,"width":30,"height":52}},"7912":{"xOffset":0,"yOffset":-3,"xAdvance":37,"rect":{"x":171,"y":511,"width":36,"height":59}},"7913":{"xOffset":0,"yOffset":8,"xAdvance":33,"rect":{"x":388,"y":479,"width":32,"height":48}},"7914":{"xOffset":0,"yOffset":-3,"xAdvance":37,"rect":{"x":171,"y":144,"width":36,"height":59}},"7915":{"xOffset":0,"yOffset":8,"xAdvance":33,"rect":{"x":355,"y":101,"width":32,"height":48}},"7916":{"xOffset":0,"yOffset":-7,"xAdvance":37,"rect":{"x":171,"y":315,"width":36,"height":63}},"7917":{"xOffset":0,"yOffset":4,"xAdvance":33,"rect":{"x":389,"y":104,"width":32,"height":52}},"7918":{"xOffset":0,"yOffset":-1,"xAdvance":37,"rect":{"x":171,"y":205,"width":36,"height":57}},"7919":{"xOffset":0,"yOffset":9,"xAdvance":33,"rect":{"x":355,"y":0,"width":32,"height":47}},"7920":{"xOffset":0,"yOffset":6,"xAdvance":37,"rect":{"x":140,"y":0,"width":36,"height":61}},"7921":{"xOffset":0,"yOffset":16,"xAdvance":33,"rect":{"x":389,"y":0,"width":32,"height":51}},"7922":{"xOffset":0,"yOffset":-3,"xAdvance":41,"rect":{"x":88,"y":617,"width":40,"height":58}},"7923":{"xOffset":0,"yOffset":8,"xAdvance":31,"rect":{"x":457,"y":193,"width":30,"height":59}},"7924":{"xOffset":0,"yOffset":8,"xAdvance":41,"rect":{"x":88,"y":556,"width":40,"height":59}},"7925":{"xOffset":0,"yOffset":18,"xAdvance":32,"rect":{"x":456,"y":39,"width":31,"height":49}},"7926":{"xOffset":0,"yOffset":-7,"xAdvance":41,"rect":{"x":130,"y":447,"width":40,"height":62}},"7927":{"xOffset":0,"yOffset":4,"xAdvance":31,"rect":{"x":488,"y":356,"width":30,"height":63}},"7928":{"xOffset":0,"yOffset":-1,"xAdvance":41,"rect":{"x":91,"y":114,"width":40,"height":56}},"7929":{"xOffset":0,"yOffset":9,"xAdvance":31,"rect":{"x":488,"y":421,"width":30,"height":58}}},"kerningDict":{}}]],0,0,[0],[0],[0]]